id,identifiant           ,motDePasse,nomDeNaissance,nomDUsage,prenoms                   ,genre ,email                        ,telephone ,dateDeNaissance,codePostalLieuDeNaissance,codePaysDeNaissance,adressePays,adresseVille,adresseCodePostal,adresseVoie
1 ,testfc1               ,123       ,DUPONT        ,DUPONT   ,Stéphane Louis Perceval   ,male  ,testfc1@franceconnect.gouv.fr,0123456789,1962-08-24     ,75112                    ,99100              ,France     ,Marseille   ,13016            ,97 Boulevard François Robert
2 ,1234567891011         ,123       ,MERCIER       ,MERCIER  ,Éric Julien               ,male  ,mercier_eric@mail.com        ,0123456789,1969-03-17     ,95277                    ,99100              ,France     ,Marseille   ,13016            ,97 Boulevard François Robert
3 ,3_melaine             ,123       ,TROIS         ,TROIS    ,Mélaine Évelyne           ,female,trois_melaine@mail.com       ,0123456789,1981-07-27     ,95277                    ,99100              ,France     ,Marseille   ,13016            ,97 Boulevard François Robert
4 ,tatiana_no_family_name,123       ,              ,         ,Tatiana Tony              ,male  ,cinq_tatiana@mail.com        ,0123456789,1945-09-30     ,95277                    ,99100              ,France     ,Marseille   ,13016            ,97 Boulevard François Robert
5 ,testfc2               ,123       ,DURAND        ,PETIT    ,Françoise Louise Stéphanie,female,alpilloy@kaliopmail.com      ,0123456789,1992-12-02     ,94081                    ,99100              ,France     ,Marseille   ,13016            ,97 Boulevard François Robert
6 ,testfc3               ,123       ,DUPONT        ,         ,Pierre Paul Jacques       ,male  ,alpilloy@kaliopmail.com      ,0123456789,1994-00-00     ,94081                    ,99100              ,France     ,Marseille   ,13016            ,97 Boulevard François Robert
7 ,testfc4               ,123       ,Zountekpo     ,         ,Assogba Pierre            ,male  ,alpilloy@kaliopmail.com      ,0123456789,1955-00-00     ,                         ,99327              ,           ,            ,                 ,
8 ,cerema                ,123456    ,HOCHON        ,         ,Paul                      ,male  ,paul.hochon@cerema.fr        ,0123456789,1955-01-01     ,69674                    ,99100              ,France     ,BRON        ,69000            ,25 Avenue Mitterrand
9 ,testfc5               ,123       ,COUSSIN       ,         ,Anne                      ,female,anne.coussin@mail.com        ,0123456789,1976-01-01     ,95277                    ,99100              ,France     ,Marseille   ,13016            ,97 Boulevard François Robert
10,test290_4             ,123       ,PILLOY        ,         ,Dalida                    ,female,alpilloy@kaliopmail.com      ,0123456789,1992-08-12     ,75117                    ,99100              ,France     ,Marseille   ,13016            ,97 Boulevard François Robert
11,test290_6             ,123       ,DASSOU        ,         ,Mohammed                  ,male  ,alpilloy@kaliopmail.com      ,0123456789,1943-00-00     ,                         ,99350              ,France     ,Marseille   ,13016            ,97 Boulevard François Robert
12,test290_8             ,123       ,MOUSE         ,         ,Mickey                    ,male  ,alpilloy@kaliopmail.com      ,0123456789,1976-01-01     ,95277                    ,99100              ,France     ,Marseille   ,13016            ,97 Boulevard François Robert
13,test290_9             ,123       ,PILLOY        ,         ,Anne-Laure Daniel François,female,alpilloy@kaliopmail.com      ,0123456789,1992-08-12     ,00000                    ,99100              ,France     ,Marseille   ,13016            ,97 Boulevard François Robert
14,test290_15            ,123       ,SMET          ,         ,Jean-Philippe             ,male  ,alpilloy@kaliopmail.com      ,0123456789,1943-06-15     ,75109                    ,99100              ,France     ,Marseille   ,13016            ,97 Boulevard François Robert
